,estimated_cardinality_1,estimated_cardinality_1,true_cardinality_1,true_cardinality_1,relative_error_1,relative_error_1
,mean,std,mean,std,mean,std
num_sets,,,,,,
1,3022.0,38.705309843754115,5000.0,0.0,-0.3956000000000001,0.007741061968750829
2,6044.37,76.66833397396492,9975.21,4.91194174610946,-0.3940609608469751,0.007672055345813251
3,9068.57,114.76213916557411,14925.76,8.34256458401052,-0.3924214102675716,0.007692997714864752
