,estimated_cardinality_1,estimated_cardinality_1,true_cardinality_1,true_cardinality_1,relative_error_1,relative_error_1
,mean,std,mean,std,mean,std
num_sets,,,,,,
1,160677.4104296875,12929.79387716837,160000.0,0.0,0.0042338151855468775,0.08081121173230231
2,299934.16802734375,25377.167479607964,294391.72,136.70451375736553,0.018822856398094476,0.08615864710171073
3,423059.71513671876,41190.35462855692,407298.44,210.9831369603611,0.038685301033964295,0.10101664990963287
