,estimated_cardinality_1,estimated_cardinality_1,true_cardinality_1,true_cardinality_1,relative_error_1,relative_error_1
,mean,std,mean,std,mean,std
num_sets,,,,,,
1,4152.053495645523,1389.0417646243657,4000.0,0.0,0.038013373911380766,0.3472604411560914
2,8243.709136247635,3758.364798434835,7840.7,12.315992589693534,0.05144828268178335,0.4797361966508408
3,13216.269965171814,6891.518492645637,11524.9,20.059350712832323,0.14675458855414208,0.598019865284692
4,20428.489733934402,12647.499163485105,15062.86,30.519990103510295,0.35617417764483933,0.8394226876316726
5,31691.748844385147,30503.079163975188,18457.86,36.25421017071084,0.7170177883901561,1.652738226921769
