,estimated_cardinality_1,estimated_cardinality_1,true_cardinality_1,true_cardinality_1,relative_error_1,relative_error_1
,mean,std,mean,std,mean,std
num_sets,,,,,,
1,631878.0410767721,149044.877577528,640000.0,0.0,-0.012690560817542993,0.23288262121488756
2,939451.1208539843,323896.7069134417,870337.14,240.00178655797612,0.07942667653539262,0.37219023925822925
3,1007435.8392167117,273630.4140753348,953295.42,190.06208330492157,0.056804526124969355,0.28709433186921135
