,estimated_cardinality_1,estimated_cardinality_1,true_cardinality_1,true_cardinality_1,relative_error_1,relative_error_1
,mean,std,mean,std,mean,std
num_sets,,,,,,
1,19923.786590874148,487.2582979844999,20000.0,0.0,-0.003810670456292889,0.024362914899225
2,39419.075742197776,1403.0465272908027,39594.5,15.890248582071294,-0.004430214208521899,0.03544265675027524
3,58229.58646630553,2422.3262894467393,58807.4,39.445131098108256,-0.009828430681492145,0.04111107919578892
