,estimated_cardinality_1,estimated_cardinality_1,true_cardinality_1,true_cardinality_1,relative_error_1,relative_error_1
,mean,std,mean,std,mean,std
num_sets,,,,,,
1,79749.4876742363,4078.261071738045,80000.0,0.0,-0.00313140407204628,0.05097826339672556
2,153606.10303878784,9914.6900993086,153622.58,84.04447073558421,-0.00010731783471897405,0.06453439793181329
3,224425.9475827217,16553.447638652025,221324.62,113.90488154955383,0.014013663334528994,0.07480075633988714
4,287590.0657296181,25683.984069716087,283600.72,183.11812179740878,0.014069668284420538,0.09060599933027205
5,343586.51576042175,31597.664005459534,340896.44,181.25291384006204,0.00789014500840994,0.09270099865186561
