,estimated_cardinality_1,estimated_cardinality_1,true_cardinality_1,true_cardinality_1,relative_error_1,relative_error_1
,mean,std,mean,std,mean,std
num_sets,,,,,,
1,39476.19210481644,4900.134073291626,40000.0,0.0,-0.01309519737958908,0.12250335183229062
2,76741.59753322601,12247.196147080267,78397.0,35.75882936494213,-0.02110773875340476,0.15623813444840187
3,116355.4937005043,19364.61184316569,115253.02,65.20501107573989,0.009587988246213593,0.16814847223374596
4,152704.1132569313,30939.513246339917,150643.44,81.52829983182656,0.013690136696333273,0.20544250692430907
5,187326.42983198166,49988.537822098806,184618.76,99.58455744558597,0.014649397336920802,0.27070852362727876
