,estimated_cardinality_1,estimated_cardinality_1,true_cardinality_1,true_cardinality_1,relative_error_1,relative_error_1
,mean,std,mean,std,mean,std
num_sets,,,,,,
1,10002.809262275696,582.4235988406546,10000.0,0.0,0.00028092622756958007,0.05824235988406543
2,19986.070716381073,1416.8512502390506,19899.48,12.90821601989668,0.004352766334894294,0.07121079729305428
3,30190.96382856369,2495.885426347873,29701.0,18.45900034881507,0.016496747853576233,0.08402591830174196
