,estimated_cardinality_1,estimated_cardinality_1,true_cardinality_1,true_cardinality_1,relative_error_1,relative_error_1
,mean,std,mean,std,mean,std
num_sets,,,,,,
1,159478.2205939293,11298.163246626862,160000.0,0.0,-0.0032611212879419325,0.07061352029141789
2,294922.6999759674,31346.698203193555,294426.0,144.0225322507447,0.001678455943739675,0.1064053341256978
3,418816.4316534996,44434.80608694829,407283.66,211.65052153327468,0.028309663465604862,0.10904525752569849
4,516088.55615854263,72015.0745451375,502132.28,255.03509482390055,0.02778827262389454,0.14338004792874873
5,588556.4304113388,93688.04410224143,581760.16,255.96231865535086,0.011666626839301577,0.16092840233375938
