,estimated_cardinality_1,estimated_cardinality_1,true_cardinality_1,true_cardinality_1,relative_error_1,relative_error_1
,mean,std,mean,std,mean,std
num_sets,,,,,,
1,33662.26746439934,5673.696441422445,32000.0,0.0,0.05194585826247931,0.17730301379445143
2,56006.59109830856,11844.634075307236,53766.3,78.63173010682085,0.04161501170737014,0.22008361832527254
3,72618.72639536858,19485.589369346726,68582.94,94.00486526705939,0.05887660065343413,0.2841670084368611
4,86963.76253128052,25585.350767972475,78653.8,89.54875538965649,0.10567959438931332,0.3253722280091627
5,97639.589458704,31433.870183138126,85492.32,79.37933725897382,0.14213170292111701,0.36782530688926
