,estimated_cardinality_1,estimated_cardinality_1,true_cardinality_1,true_cardinality_1,relative_error_1,relative_error_1
,mean,std,mean,std,mean,std
num_sets,,,,,,
1,10013.325069008595,249.08149468087896,10000.0,0.0,0.0013325069008595744,0.024908149468087837
2,19838.30514840596,538.2865368678886,19899.48,12.90821601989668,-0.003074828898236066,0.027018779368701566
3,29872.466827668006,1285.2416521619714,29701.0,18.45900034881507,0.0057733841533365105,0.04326952749481423
