,estimated_cardinality_1,estimated_cardinality_1,true_cardinality_1,true_cardinality_1,relative_error_1,relative_error_1
,mean,std,mean,std,mean,std
num_sets,,,,,,
1,321114.94708984374,24620.453142947794,320000.0,0.0,0.0034842096557617225,0.07693891607171188
2,544340.04109375,47347.26313556263,537543.74,204.05069498151184,0.01264760073142599,0.08812700565306739
3,699353.5365625,78035.56823183245,685550.54,253.26498263395217,0.020136712382370865,0.11384970209559535
