,estimated_cardinality_1,estimated_cardinality_1,true_cardinality_1,true_cardinality_1,relative_error_1,relative_error_1
,mean,std,mean,std,mean,std
num_sets,,,,,,
1,326650.534760952,26332.736309588403,320000.0,0.0,0.020782921127974988,0.08228980096746377
2,550739.107811451,64558.74605215689,537621.26,176.50320110411278,0.024402998325951657,0.12013226038854019
3,708989.1245961189,90043.63935066867,685584.34,271.33243485451334,0.03414314582524369,0.13138430036162832
4,814736.4170193672,93277.82231636308,786250.4,243.9615225600019,0.036225281147209784,0.11859830775775311
5,863382.145011425,89962.6364559743,854705.04,244.45232079661892,0.01014831868432423,0.10521944997445465
