,estimated_cardinality_1,estimated_cardinality_1,true_cardinality_1,true_cardinality_1,relative_error_1,relative_error_1
,mean,std,mean,std,mean,std
num_sets,,,,,,
1,39866.76109705191,1441.6278711001942,40000.0,0.0,-0.003330972573702366,0.036040696777504794
2,77886.08229264108,4448.573655323111,78401.44,42.17560954884185,-0.00657988678432293,0.05662728798059676
3,115306.53163395675,6598.431506530868,115267.98,60.36199980457693,0.00033160263250987365,0.057188695690710105
