,estimated_cardinality_1,estimated_cardinality_1,true_cardinality_1,true_cardinality_1,relative_error_1,relative_error_1
,mean,std,mean,std,mean,std
num_sets,,,,,,
1,289233.38909745216,417426.5823328925,64000.0,0.0,3.5192717046476902,6.522290348951446
2,489829.83567118645,478625.75425824337,87033.34,69.40581931727381,4.62825446643284,5.499550648338243
3,420719.6904373169,457478.108053523,95328.82,61.150096367170725,3.4130703095122374,4.79853829279186
4,449907.8047800064,454674.04377996933,98310.46,46.38754671025246,3.5766307944630125,4.625201469076519
5,411298.7585604191,444710.1033040447,99391.44,26.669680101842733,3.138196919146779,4.474360294176087
