,estimated_cardinality_1,estimated_cardinality_1,true_cardinality_1,true_cardinality_1,relative_error_1,relative_error_1
,mean,std,mean,std,mean,std
num_sets,,,,,,
1,80009.44763671875,7105.533683756302,80000.0,0.0,0.00011809545898437245,0.08881917104695382
2,154967.35857421876,14830.758034458278,153606.46,82.97484497097932,0.00886831498378793,0.09665551913181028
3,227527.3123828125,27478.67901848949,221325.44,134.06823727079203,0.028028323232306623,0.1242100704621597
