,estimated_cardinality_1,estimated_cardinality_1,true_cardinality_1,true_cardinality_1,relative_error_1,relative_error_1
,mean,std,mean,std,mean,std
num_sets,,,,,,
1,40245.9685087204,3228.5471674054943,40000.0,0.0,0.006149212718009949,0.08071367918513733
2,77647.83940315247,8982.71479352088,78397.0,35.75882936494213,-0.009547198088002156,0.11463955822292465
3,116060.09916067123,14096.323761722871,115253.02,65.20501107573989,0.0070178126562376346,0.122432954643308
4,151261.9574189186,24573.102521489236,150643.44,81.52829983182656,0.00411300558351863,0.16318478992239854
5,186597.09726572037,37706.87089833081,184618.76,99.58455744558597,0.010707068356180573,0.20421174047523918
