,estimated_cardinality_1,estimated_cardinality_1,true_cardinality_1,true_cardinality_1,relative_error_1,relative_error_1
,mean,std,mean,std,mean,std
num_sets,,,,,,
1,319148.80425930023,14543.613252120624,320000.0,0.0,-0.002659986689686775,0.04544879141287697
2,534703.4605741501,32067.042407493525,537621.26,176.50320110411278,-0.00542895793024839,0.05961345028051478
3,688510.4897022247,39689.28817749717,685584.34,271.33243485451334,0.004268274153440248,0.057891481020597046
4,789360.4118943214,56822.978824564445,786250.4,243.9615225600019,0.003955422930036985,0.07226656843957911
5,856907.9323172569,73337.74746013897,854705.04,244.45232079661892,0.0025742361914324365,0.08576919221132019
