,estimated_cardinality_1,estimated_cardinality_1,true_cardinality_1,true_cardinality_1,relative_error_1,relative_error_1
,mean,std,mean,std,mean,std
num_sets,,,,,,
1,5051.631815273175,191.27853385881033,5000.0,0.0,0.010326363054635275,0.038255706771762085
2,10064.684661659103,526.2003306845587,9975.21,4.91194174610946,0.008969108285481552,0.05273575456976717
3,15078.463779406113,1195.5709875015607,14925.76,8.34256458401052,0.010230185867314218,0.08009371128923425
