,estimated_cardinality_1,estimated_cardinality_1,true_cardinality_1,true_cardinality_1,relative_error_1,relative_error_1
,mean,std,mean,std,mean,std
num_sets,,,,,,
1,4999.28435087204,302.38178966572934,5000.0,0.0,-0.00014312982559204103,0.060476357933145916
2,10084.945154190063,782.6218605966819,9976.82,4.525167715913104,0.010836344397589974,0.07842235256944038
3,15309.854674339294,1303.6668060146592,14925.32,7.783918534715855,0.025764280939267335,0.08735336662627638
