,estimated_cardinality_1,estimated_cardinality_1,true_cardinality_1,true_cardinality_1,relative_error_1,relative_error_1
,mean,std,mean,std,mean,std
num_sets,,,,,,
1,630448.3704090118,62088.61582516497,640000.0,0.0,-0.014924421235918998,0.09701346222682025
2,857873.9462018013,107532.29515673549,870432.42,223.0504738339509,-0.014429757340936163,0.1235223680580218
3,961676.2004971504,137514.96329637078,953367.18,183.4675848586802,0.008712013044795505,0.14420681863961607
4,981315.6336426735,182769.45684817777,983217.38,119.58804970670317,-0.0019329671831653209,0.18588863627813348
5,983437.013566494,219691.32624583115,993963.08,72.65682264970746,-0.010592315700106167,0.22101181878170187
