,estimated_cardinality_1,estimated_cardinality_1,true_cardinality_1,true_cardinality_1,relative_error_1,relative_error_1
,mean,std,mean,std,mean,std
num_sets,,,,,,
1,33088.913497924805,8923.571275293245,32000.0,0.0,0.03402854681015015,0.2788616023529139
2,137536.60947322845,265030.8219102357,53766.3,78.63173010682085,1.558527485181881,4.931510191322806
3,184643.88142704964,314077.5139526034,68582.94,94.00486526705939,1.6909952225195162,4.575655810661807
4,326920.4747247696,417849.49874338025,78653.8,89.54875538965649,3.1565149908672088,5.312722117040592
5,278493.7277150154,377750.02529528463,85492.32,79.37933725897382,2.2579544097686064,4.419456473443324
