,estimated_cardinality_1,estimated_cardinality_1,true_cardinality_1,true_cardinality_1,relative_error_1,relative_error_1
,mean,std,mean,std,mean,std
num_sets,,,,,,
1,81550.35313367844,4348.982471260488,80000.0,0.0,0.019379414170980453,0.05436228089075608
2,156574.45932626724,9065.38267752722,153606.46,82.97484497097932,0.01932447546100975,0.05905339831035069
3,226668.10644865036,14468.571805933647,221325.44,134.06823727079203,0.02414188364456698,0.0654088877204088
