,estimated_cardinality_1,estimated_cardinality_1,true_cardinality_1,true_cardinality_1,relative_error_1,relative_error_1
,mean,std,mean,std,mean,std
num_sets,,,,,,
1,311487.5016449453,38841.6503084247,320000.0,0.0,-0.026601557359545773,0.1213801572138272
2,551915.6104375467,96721.92946754784,537543.74,204.05069498151184,0.026738520410598515,0.17995276435536875
3,694116.4820044859,98586.53893796234,685550.54,253.26498263395217,0.012509576039838816,0.1439106025455699
