,estimated_cardinality_1,estimated_cardinality_1,true_cardinality_1,true_cardinality_1,relative_error_1,relative_error_1
,mean,std,mean,std,mean,std
num_sets,,,,,,
1,5024.619457482345,169.73087762902335,5000.0,0.0,0.004923891496468707,0.033946175525804666
2,10037.14563361305,348.7866643908658,9975.21,4.91194174610946,0.0062082581200731375,0.03494601957671403
3,15033.451752114368,650.9497643551239,14925.76,8.34256458401052,0.007215674867032773,0.04362751385587141
