,estimated_cardinality_1,estimated_cardinality_1,true_cardinality_1,true_cardinality_1,relative_error_1,relative_error_1
,mean,std,mean,std,mean,std
num_sets,,,,,,
1,40346.2098046875,3182.4579587292897,40000.0,0.0,0.008655245117187498,0.07956144896823224
2,79286.427265625,8572.523992596005,78401.44,42.17560954884185,0.011283958012504744,0.10931764358248583
3,118070.1076171875,14725.686238564402,115267.98,60.36199980457693,0.02430140957950108,0.12768048319359063
