,estimated_cardinality_1,estimated_cardinality_1,true_cardinality_1,true_cardinality_1,relative_error_1,relative_error_1
,mean,std,mean,std,mean,std
num_sets,,,,,,
1,5076.479599609375,344.4663855301415,5000.0,0.0,0.015295919921874996,0.0688932771060283
2,10163.283017578126,849.041172323458,9975.21,4.91194174610946,0.018851721899973622,0.08508188680205529
3,15068.416494140625,1515.0420601765495,14925.76,8.34256458401052,0.009557907313507913,0.10150044620633497
