,estimated_cardinality_1,estimated_cardinality_1,true_cardinality_1,true_cardinality_1,relative_error_1,relative_error_1
,mean,std,mean,std,mean,std
num_sets,,,,,,
1,5026.140491719383,130.88873658567354,5000.0,0.0,0.005228098343876641,0.0261777473171347
2,10049.42910956602,272.7159053180683,9975.21,4.91194174610946,0.00743974621439219,0.027311494265832275
3,14995.57260454362,514.2220848292848,14925.76,8.34256458401052,0.0046716024562923515,0.034281495144501864
