,estimated_cardinality_1,estimated_cardinality_1,true_cardinality_1,true_cardinality_1,relative_error_1,relative_error_1
,mean,std,mean,std,mean,std
num_sets,,,,,,
1,322442.1179652214,19529.829882166,320000.0,0.0,0.007631618641316891,0.061030718381768725
2,541966.7269945145,35402.48444571784,537543.74,204.05069498151184,0.00822851721762597,0.06586670966493648
3,696096.50182724,47886.673589287566,685550.54,253.26498263395217,0.015387389246239119,0.06991217874002834
