,estimated_cardinality_1,estimated_cardinality_1,true_cardinality_1,true_cardinality_1,relative_error_1,relative_error_1
,mean,std,mean,std,mean,std
num_sets,,,,,,
1,640168.2735800743,39900.66466168188,640000.0,0.0,0.0002629274688661098,0.062344788533877926
2,873937.1618747711,49794.77465394605,870337.14,240.00178655797612,0.00414131759126481,0.05729727746023646
3,957531.5756201744,57966.281092330406,953295.42,190.06208330492157,0.004446199535233532,0.06084675063598778
