,estimated_cardinality_1,estimated_cardinality_1,true_cardinality_1,true_cardinality_1,relative_error_1,relative_error_1
,mean,std,mean,std,mean,std
num_sets,,,,,,
1,5089.286328125,391.0514980472172,5000.0,0.0,0.017857265624999997,0.07821029960944344
2,10121.64583984375,1080.6370463124476,9976.82,4.525167715913104,0.014510861902940089,0.10826371444305986
3,15621.95193359375,2169.1136745713225,14925.32,7.783918534715855,0.04667344454820734,0.14535120484451694
