,estimated_cardinality_1,estimated_cardinality_1,true_cardinality_1,true_cardinality_1,relative_error_1,relative_error_1
,mean,std,mean,std,mean,std
num_sets,,,,,,
1,40476.640033721924,2402.5667303089754,40000.0,0.0,0.011916000843048096,0.06006416825772435
2,78623.0783700943,4154.965639008698,78401.44,42.17560954884185,0.002824038910154191,0.052947834689177534
3,115707.5865149498,7488.5769248828865,115267.98,60.36199980457693,0.003807314589644574,0.06487396716575547
