,estimated_cardinality_1,estimated_cardinality_1,true_cardinality_1,true_cardinality_1,relative_error_1,relative_error_1
,mean,std,mean,std,mean,std
num_sets,,,,,,
1,79349.72985982895,9603.459809375952,80000.0,0.0,-0.008128376752138138,0.12004324761719941
2,151750.9430527687,20531.111959789298,153622.58,84.04447073558421,-0.012174865398562305,0.133703678747809
3,225869.0050959587,36256.93122500338,221324.62,113.90488154955383,0.020532882314456803,0.1637984171658801
4,291796.80782556534,63850.034187218895,283600.72,183.11812179740878,0.028887529783899003,0.22510695464180436
5,344813.1716251373,88809.01371459346,340896.44,181.25291384006204,0.011474063287947455,0.2604878294183487
