,estimated_cardinality_1,estimated_cardinality_1,true_cardinality_1,true_cardinality_1,relative_error_1,relative_error_1
,mean,std,mean,std,mean,std
num_sets,,,,,,
1,5014.660612706149,135.4647181861319,5000.0,0.0,0.002932122541230165,0.027092943637226377
2,9972.974979237282,274.17704255185583,9976.82,4.525167715913104,-0.0003856994427966391,0.027461652441364438
3,14984.395755476919,531.6684781110082,14925.32,7.783918534715855,0.003959941024862121,0.03566305270654888
