,estimated_cardinality_1,estimated_cardinality_1,true_cardinality_1,true_cardinality_1,relative_error_1,relative_error_1
,mean,std,mean,std,mean,std
num_sets,,,,,,
1,10123.1458203125,840.6071476247258,10000.0,0.0,0.012314582031249995,0.08406071476247258
2,20345.868046875,2165.6229061428185,19899.48,12.90821601989668,0.02243477622070633,0.10883300164311008
3,30696.69818359375,3440.5430789600987,29701.0,18.45900034881507,0.03352628967493907,0.11584421444729272
