,estimated_cardinality_1,estimated_cardinality_1,true_cardinality_1,true_cardinality_1,relative_error_1,relative_error_1
,mean,std,mean,std,mean,std
num_sets,,,,,,
1,8317.417594194412,1149.2923999113445,8000.0,0.0,0.03967719927430153,0.14366154998891809
2,16057.029625177383,2201.767634545647,15361.28,26.500704649853674,0.04528585927014599,0.1432692233058519
3,22310.56299686432,2711.982888522917,22128.26,34.380114090822865,0.008219953957199879,0.12237283580151988
4,29592.216695547104,5234.035734217594,28351.92,44.53012738470512,0.043812219817465775,0.18502490142851144
5,35962.176706790924,7228.388232059758,34087.14,57.53898766958717,0.055036274622987325,0.21222239235411494
