,estimated_cardinality_1,estimated_cardinality_1,true_cardinality_1,true_cardinality_1,relative_error_1,relative_error_1
,mean,std,mean,std,mean,std
num_sets,,,,,,
1,1613792.8901791573,2909089.934806278,640000.0,0.0,1.5215513909049332,4.54545302313481
2,1783572.3714351654,2852905.303650635,870432.42,223.0504738339509,1.0491406313925624,3.2777959736197753
3,2284817.871081829,3251376.5054333396,953367.18,183.4675848586802,1.3965865120254557,3.4104052788752646
4,1578714.4300222397,2217335.3749614498,983217.38,119.58804970670317,0.6057309571936977,2.2554943849281983
5,1008196.0081458092,157665.0980203264,993963.08,72.65682264970746,0.014319935938680943,0.15861884119458863
