,estimated_cardinality_1,estimated_cardinality_1,true_cardinality_1,true_cardinality_1,relative_error_1,relative_error_1
,mean,std,mean,std,mean,std
num_sets,,,,,,
1,79878.68177890778,6757.928495570106,80000.0,0.0,-0.0015164777636528016,0.08447410619462634
2,153983.30121040344,17322.224982381504,153622.58,84.04447073558421,0.0023439773880388603,0.11271077075484165
3,224767.14158058167,26810.90919494571,221324.62,113.90488154955383,0.015547952859466358,0.12107598196719756
4,285945.47868967056,44723.5704061907,283600.72,183.11812179740878,0.008254966483249956,0.1576112978664614
5,344768.2830810547,64742.97291239081,340896.44,181.25291384006204,0.011353213195530492,0.18990364576358182
