,estimated_cardinality_1,estimated_cardinality_1,true_cardinality_1,true_cardinality_1,relative_error_1,relative_error_1
,mean,std,mean,std,mean,std
num_sets,,,,,,
1,5035.94416975975,137.6201004952722,5000.0,0.0,0.007188833951950073,0.027524020099054438
2,10025.021535158157,354.0207049779135,9975.21,4.91194174610946,0.004993749391589527,0.03549480795523904
3,15038.897532224655,650.4803803914407,14925.76,8.34256458401052,0.007580432731791247,0.043589579847285086
