,estimated_cardinality_1,estimated_cardinality_1,true_cardinality_1,true_cardinality_1,relative_error_1,relative_error_1
,mean,std,mean,std,mean,std
num_sets,,,,,,
1,8065.609782934189,1956.3144943288466,8000.0,0.0,0.008201222866773605,0.24453931179110586
2,16219.393901824951,5306.207678578196,15361.28,26.500704649853674,0.05583115391138352,0.3450581472466408
3,25013.737921714783,9755.313833901508,22128.26,34.380114090822865,0.13057075484139827,0.44144824205987854
4,35343.272067308426,16554.497025904995,28351.92,44.53012738470512,0.24660515599014943,0.5838475868487486
5,44412.72003889084,25139.84126296267,34087.14,57.53898766958717,0.30280112795352676,0.7372032703522324
