,estimated_cardinality_1,estimated_cardinality_1,true_cardinality_1,true_cardinality_1,relative_error_1,relative_error_1
,mean,std,mean,std,mean,std
num_sets,,,,,,
1,8274.41768169403,1389.171376704627,8000.0,0.0,0.03430221021175384,0.1736464220880784
2,15648.381167650223,3078.9127007634743,15361.28,26.500704649853674,0.018700399014978313,0.20035968239776347
3,23403.561445474625,5775.606724191747,22128.26,34.380114090822865,0.05768712024208625,0.2613238887625614
4,30423.45603466034,7894.575019023514,28351.92,44.53012738470512,0.07303488824391978,0.2783267755615735
5,38699.86640691757,12265.546272975276,34087.14,57.53898766958717,0.13526754626683463,0.3596478543484668
