,estimated_cardinality_1,estimated_cardinality_1,true_cardinality_1,true_cardinality_1,relative_error_1,relative_error_1
,mean,std,mean,std,mean,std
num_sets,,,,,,
1,4139.432375431061,1113.1662038856407,4000.0,0.0,0.0348580938577652,0.2782915509714102
2,7865.556063652039,2386.882743361535,7840.7,12.315992589693534,0.003141835780961473,0.3044311505499259
3,12492.579646110535,4191.053344258007,11524.9,20.059350712832323,0.08400173451510465,0.36390798772685684
4,18077.667211294174,7988.019006625503,15062.86,30.519990103510295,0.20030484306588062,0.5307217623434702
5,23729.086104631424,13249.63367754151,18457.86,36.25421017071084,0.2858328220762208,0.7184227727985265
