,estimated_cardinality_1,estimated_cardinality_1,true_cardinality_1,true_cardinality_1,relative_error_1,relative_error_1
,mean,std,mean,std,mean,std
num_sets,,,,,,
1,16356.27342581749,3059.795199634824,16000.0,0.0,0.0222670891135931,0.1912371999771764
2,32982.46717214584,9856.941818065989,29430.8,41.36744258619898,0.12056647278534988,0.3341111760256596
3,63042.7056658268,139105.994072792,40735.18,58.417110297497736,0.5485024366592397,3.4220236408469225
4,149920.09743332863,294554.44302425545,50219.7,85.00234090414061,1.985145196001513,5.86478518441037
5,194301.48634433746,338446.0162603381,58198.82,80.62781461627206,2.3384368243065117,5.8149719157499105
