,estimated_cardinality_1,estimated_cardinality_1,true_cardinality_1,true_cardinality_1,relative_error_1,relative_error_1
,mean,std,mean,std,mean,std
num_sets,,,,,,
1,2874.17,35.62601903557611,5000.0,0.0,-0.42516599999999977,0.007125203807115236
2,5743.72,72.90703642033438,9975.21,4.91194174610946,-0.42420025161080743,0.007330112569356282
3,8607.97,123.15068006308367,14925.76,8.34256458401052,-0.42328056580691864,0.008272325003845891
