,estimated_cardinality_1,estimated_cardinality_1,true_cardinality_1,true_cardinality_1,relative_error_1,relative_error_1
,mean,std,mean,std,mean,std
num_sets,,,,,,
1,20183.94693359375,1774.514683521562,20000.0,0.0,0.009197346679687496,0.088725734176078
2,40764.27654296875,4504.500227753533,39594.5,15.890248582071294,0.029542171708740076,0.11374040118708091
3,61864.53361328125,7599.4672780672045,58807.4,39.445131098108256,0.051976109285124694,0.12910914459575315
