,estimated_cardinality_1,estimated_cardinality_1,true_cardinality_1,true_cardinality_1,relative_error_1,relative_error_1
,mean,std,mean,std,mean,std
num_sets,,,,,,
1,5237.997431640625,727.559682039971,5000.0,0.0,0.047599486328124996,0.1455119364079942
2,10485.31810546875,2144.075479484577,9975.21,4.91194174610946,0.05112411639705701,0.21486767722034586
3,16184.350283203124,5029.531407317652,14925.76,8.34256458401052,0.08431055790728274,0.336922068019188
