,estimated_cardinality_1,estimated_cardinality_1,true_cardinality_1,true_cardinality_1,relative_error_1,relative_error_1
,mean,std,mean,std,mean,std
num_sets,,,,,,
1,34016.584347486496,7920.780900681396,32000.0,0.0,0.063018260858953,0.24752440314629368
2,56317.95768737793,15312.499904616396,53766.3,78.63173010682085,0.04745580905745446,0.28486022083934
3,74289.52253699303,24657.738222963548,68582.94,94.00486526705939,0.0832569002124343,0.3597794181371765
4,92575.72241067886,37764.875890437506,78653.8,89.54875538965649,0.17702110611235417,0.48021626829449243
5,108241.42273783684,56997.97003194582,85492.32,79.37933725897382,0.2662042217670411,0.6670724594556101
