,estimated_cardinality_1,estimated_cardinality_1,true_cardinality_1,true_cardinality_1,relative_error_1,relative_error_1
,mean,std,mean,std,mean,std
num_sets,,,,,,
1,5018.194729089737,159.16549079884263,5000.0,0.0,0.0036389458179473875,0.03183309815976852
2,9998.144578933716,466.6687415806614,9975.21,4.91194174610946,0.002299730503529204,0.046796229074967825
3,15007.599383592606,827.8883026900927,14925.76,8.34256458401052,0.005482330520803766,0.055453228824428526
