,estimated_cardinality_1,estimated_cardinality_1,true_cardinality_1,true_cardinality_1,relative_error_1,relative_error_1
,mean,std,mean,std,mean,std
num_sets,,,,,,
1,39760.92075109482,1317.5128203570632,40000.0,0.0,-0.005976981222629547,0.032937820508926574
2,78032.31666088104,3046.9933412430405,78397.0,35.75882936494213,-0.004654507053412935,0.0387901512749706
3,115148.77343177795,4635.066389628795,115253.02,65.20501107573989,-0.0009056889641304906,0.04017369448591755
4,149760.7718348503,6208.517883654442,150643.44,81.52829983182656,-0.005860233561130135,0.041191898507498145
5,184276.37412548065,10587.51818978152,184618.76,99.58455744558597,-0.0018558468809723222,0.057319918516839076
