,estimated_cardinality_1,estimated_cardinality_1,true_cardinality_1,true_cardinality_1,relative_error_1,relative_error_1
,mean,std,mean,std,mean,std
num_sets,,,,,,
1,79661.98490858078,2622.9492299286526,80000.0,0.0,-0.004225188642740249,0.0327868653741082
2,152036.84005737305,7727.879529485739,153622.58,84.04447073558421,-0.010322747961106415,0.05029760834948525
3,219435.49218177795,10162.183491700307,221324.62,113.90488154955383,-0.008534654202042085,0.04593686832292356
4,280836.29643917084,15471.53186744184,283600.72,183.11812179740878,-0.00974744689228038,0.05455574353373678
5,336569.73028182983,20184.52455259264,340896.44,181.25291384006204,-0.012694194570365554,0.05917583242971499
