,estimated_cardinality_1,estimated_cardinality_1,true_cardinality_1,true_cardinality_1,relative_error_1,relative_error_1
,mean,std,mean,std,mean,std
num_sets,,,,,,
1,79326.60802783535,4389.382101087274,80000.0,0.0,-0.008417399652058007,0.054867276263590926
2,154497.82803305757,9725.679025075304,153606.46,82.97484497097932,0.0057971921107728966,0.06320471069973507
3,226986.91484090564,17113.52631536327,221325.44,134.06823727079203,0.025580460020080804,0.0773095776836625
