,estimated_cardinality_1,estimated_cardinality_1,true_cardinality_1,true_cardinality_1,relative_error_1,relative_error_1
,mean,std,mean,std,mean,std
num_sets,,,,,,
1,20144.873642921448,1350.0928950704645,20000.0,0.0,0.007243682146072388,0.06750464475352316
2,39846.67078256607,2749.404381634873,39594.5,15.890248582071294,0.006366072219304428,0.06938376335627343
3,59690.7292842865,5419.943349583178,58807.4,39.445131098108256,0.015016334723676573,0.09208467751654173
