,estimated_cardinality_1,estimated_cardinality_1,true_cardinality_1,true_cardinality_1,relative_error_1,relative_error_1
,mean,std,mean,std,mean,std
num_sets,,,,,,
1,161582.3728442192,9244.228492597102,160000.0,0.0,0.009889830276370049,0.057776428078731866
2,298551.8033862114,19463.5512541703,294391.72,136.70451375736553,0.014132045874938428,0.06612385554392558
3,415479.35836315155,28296.669430213406,407298.44,210.9831369603611,0.02008353280024868,0.06944338310263412
