,estimated_cardinality_1,estimated_cardinality_1,true_cardinality_1,true_cardinality_1,relative_error_1,relative_error_1
,mean,std,mean,std,mean,std
num_sets,,,,,,
1,315905.5371642113,29039.18789117012,320000.0,0.0,-0.012795196361839772,0.09074746215990659
2,534840.6191468239,55213.46322993936,537621.26,176.50320110411278,-0.005164762526045418,0.10276963403377713
3,694828.3434033394,78064.90465901289,685584.34,271.33243485451334,0.013484463818460276,0.11387808579526848
4,796935.4776024818,106028.58826159427,786250.4,243.9615225600019,0.013596190816311127,0.13490686970741322
5,859343.338406086,135643.2760732056,854705.04,244.45232079661892,0.005431028236290123,0.15874315474507109
