,estimated_cardinality_1,estimated_cardinality_1,true_cardinality_1,true_cardinality_1,relative_error_1,relative_error_1
,mean,std,mean,std,mean,std
num_sets,,,,,,
1,159000.82870721817,17806.564232088538,160000.0,0.0,-0.0062448205798864365,0.11129102645055337
2,289299.6654391289,40179.33667865852,294426.0,144.0225322507447,-0.017420600461420962,0.13641526210322466
3,414619.758439064,70486.33679581594,407283.66,211.65052153327468,0.01799712875308589,0.17295752415982013
4,507307.7008962631,114288.8320987485,502132.28,255.03509482390055,0.01028510273717919,0.22751251407604212
5,584177.8146386147,149684.6087003587,581760.16,255.96231865535086,0.004132616349896461,0.25719081692488244
