,estimated_cardinality_1,estimated_cardinality_1,true_cardinality_1,true_cardinality_1,relative_error_1,relative_error_1
,mean,std,mean,std,mean,std
num_sets,,,,,,
1,4190.7115733623505,805.024599454708,4000.0,0.0,0.04767789334058761,0.201256149863677
2,8048.426147699356,1867.755683757207,7840.7,12.315992589693534,0.0264860300482827,0.23820950959649434
3,11952.446925640106,2930.062805677097,11524.9,20.059350712832323,0.037108907203618036,0.25434685233236964
4,16329.75957274437,4805.438638815235,15062.86,30.519990103510295,0.08419271305270459,0.3193893777657896
5,21000.579698085785,7076.275605207403,18457.86,36.25421017071084,0.1378168891965943,0.38359395222810555
