,estimated_cardinality_1,estimated_cardinality_1,true_cardinality_1,true_cardinality_1,relative_error_1,relative_error_1
,mean,std,mean,std,mean,std
num_sets,,,,,,
1,5172.4208984375,569.5386547676593,5000.0,0.0,0.03448417968749999,0.11390773095353189
2,10163.26431640625,1447.4338782189482,9975.21,4.91194174610946,0.01885086051159692,0.14511677141880794
3,15182.667802734375,3013.6532617440103,14925.76,8.34256458401052,0.01720624626255075,0.20188014638185633
