,estimated_cardinality_1,estimated_cardinality_1,true_cardinality_1,true_cardinality_1,relative_error_1,relative_error_1
,mean,std,mean,std,mean,std
num_sets,,,,,,
1,160838.6841893196,7695.864549741245,160000.0,0.0,0.0052417761832475665,0.04809915343588277
2,292231.25364780426,17700.490846286928,294426.0,144.0225322507447,-0.007453207924314794,0.060136185318345914
3,408972.4064230919,25518.36551725932,407283.66,211.65052153327468,0.004144424392544135,0.06261922856756891
4,502740.6893134117,42736.46451850308,502132.28,255.03509482390055,0.0012045579198475592,0.08501779996553117
5,583108.09237957,59196.15718074253,581760.16,255.96231865535086,0.0023103738036755715,0.10168262712424088
