,estimated_cardinality_1,estimated_cardinality_1,true_cardinality_1,true_cardinality_1,relative_error_1,relative_error_1
,mean,std,mean,std,mean,std
num_sets,,,,,,
1,16450.227041244507,2651.068104212849,16000.0,0.0,0.02813919007778168,0.1656917565133031
2,30488.95518064499,6775.284857881736,29430.8,41.36744258619898,0.0359532646597212,0.2302095500541917
3,42124.71009492874,9803.795415449675,40735.18,58.417110297497736,0.034125227972760415,0.24057673928797652
4,55924.27008509636,15283.041652226828,50219.7,85.00234090414061,0.11361196673878564,0.3043871995247929
5,67484.22047019005,23168.856425278667,58198.82,80.62781461627206,0.1596153882230623,0.3983020037752347
