,estimated_cardinality_1,estimated_cardinality_1,true_cardinality_1,true_cardinality_1,relative_error_1,relative_error_1
,mean,std,mean,std,mean,std
num_sets,,,,,,
1,69997.56682991982,21945.86981798257,64000.0,0.0,0.09371198171749712,0.34290421590597775
2,89808.62605452538,36206.217146278716,87033.34,69.40581931727381,0.03176202512810199,0.4153752903980474
3,108518.28876972198,48405.17704067681,95328.82,61.150096367170725,0.1383651427421975,0.5078888253235635
4,127972.174680233,70343.95364220336,98310.46,46.38754671025246,0.30179065896519874,0.7157151876931634
5,145377.61048913002,108108.92434710129,99391.44,26.669680101842733,0.46275669043032347,1.087910691671253
