,estimated_cardinality_1,estimated_cardinality_1,true_cardinality_1,true_cardinality_1,relative_error_1,relative_error_1
,mean,std,mean,std,mean,std
num_sets,,,,,,
1,17154.558016061783,4384.898924230497,16000.0,0.0,0.07215987600386142,0.27405618276440596
2,30790.238828659058,8947.19437442877,29430.8,41.36744258619898,0.046234912542208954,0.3042823394133293
3,46272.28588581085,16644.761523903184,40735.18,58.417110297497736,0.1359880160965149,0.4087800261381159
4,60069.76338386536,27320.699422792808,50219.7,85.00234090414061,0.1962333159919076,0.5445128766147426
5,75610.66570401192,40626.43819385861,58198.82,80.62781461627206,0.2994320642040792,0.6988192693498577
