,estimated_cardinality_1,estimated_cardinality_1,true_cardinality_1,true_cardinality_1,relative_error_1,relative_error_1
,mean,std,mean,std,mean,std
num_sets,,,,,,
1,156482.03200394343,11784.650713788897,160000.0,0.0,-0.02198729997535347,0.07365406696118063
2,297159.76566032664,30858.62344533443,294391.72,136.70451375736553,0.00940069301968036,0.1048121074380539
3,410272.39514286316,38260.40146315573,407298.44,210.9831369603611,0.007296673787170859,0.09387449759748794
