,estimated_cardinality_1,estimated_cardinality_1,true_cardinality_1,true_cardinality_1,relative_error_1,relative_error_1
,mean,std,mean,std,mean,std
num_sets,,,,,,
1,5014.248536588432,94.3010852051176,5000.0,0.0,0.002849707317686501,0.01886021704102356
2,10012.355404349659,215.51046159155214,9975.21,4.91194174610946,0.0037235976871828123,0.02159148871493336
3,14973.800299860277,348.99174768339134,14925.76,8.34256458401052,0.00321757820424593,0.023329945473298096
