,estimated_cardinality_1,estimated_cardinality_1,true_cardinality_1,true_cardinality_1,relative_error_1,relative_error_1
,mean,std,mean,std,mean,std
num_sets,,,,,,
1,641634.6381640625,55297.558104197946,640000.0,0.0,0.0025541221313476535,0.08640243453780927
2,879090.903671875,73294.25362025356,870337.14,240.00178655797612,0.010059523254389682,0.08423082624461496
3,976314.8044726562,102728.64597367072,953295.42,190.06208330492157,0.024146771584018546,0.10776109987411078
