,estimated_cardinality_1,estimated_cardinality_1,true_cardinality_1,true_cardinality_1,relative_error_1,relative_error_1
,mean,std,mean,std,mean,std
num_sets,,,,,,
1,8503.588681221008,2712.826194931705,8000.0,0.0,0.06294858515262604,0.33910327436646304
2,16783.94733786583,6819.928123040293,15361.28,26.500704649853674,0.09261752964677479,0.44383788532844437
3,26788.321435451508,14919.204368013276,22128.26,34.380114090822865,0.21085280465017417,0.6749770626281711
4,40164.88800883293,25041.81680644346,28351.92,44.53012738470512,0.41684461255411454,0.8836440507470179
5,58176.786185503006,53727.79507687518,34087.14,57.53898766958717,0.7066340113692148,1.5759475834411854
