,estimated_cardinality_1,estimated_cardinality_1,true_cardinality_1,true_cardinality_1,relative_error_1,relative_error_1
,mean,std,mean,std,mean,std
num_sets,,,,,,
1,317705.82844018936,36645.52565542501,320000.0,0.0,-0.007169286124408245,0.11451726767320315
2,533047.3890662193,70145.48292404391,537621.26,176.50320110411278,-0.008504088462987258,0.13049784019172286
3,698779.5809626579,108324.29154931479,685584.34,271.33243485451334,0.01925510613492126,0.158071997177713
4,795986.3040089607,166662.1794093875,786250.4,243.9615225600019,0.012391495091713126,0.2120274023345071
5,873043.4718251228,234577.886515887,854705.04,244.45232079661892,0.021458131642996762,0.2744874054378664
