,estimated_cardinality_1,estimated_cardinality_1,true_cardinality_1,true_cardinality_1,relative_error_1,relative_error_1
,mean,std,mean,std,mean,std
num_sets,,,,,,
1,160416.81855916977,7080.505189027814,160000.0,0.0,0.002605115994811058,0.04425315743142385
2,288863.043320179,18302.9939338173,294426.0,144.0225322507447,-0.01889115480883948,0.06221203881610172
3,408138.83793354034,26750.72314558517,407283.66,211.65052153327468,0.002102646614878094,0.06572989352109346
4,511724.48959350586,39925.83862482009,502132.28,255.03509482390055,0.01911307881853586,0.07964753257609335
5,597290.4036998749,58775.40970831701,581760.16,255.96231865535086,0.026697534336412008,0.10106127889147329
