,estimated_cardinality_1,estimated_cardinality_1,true_cardinality_1,true_cardinality_1,relative_error_1,relative_error_1
,mean,std,mean,std,mean,std
num_sets,,,,,,
1,17059.751880168915,5394.282458163797,16000.0,0.0,0.06623449251055717,0.3371426536352374
2,30987.38075852394,12041.101427727373,29430.8,41.36744258619898,0.05291523731331964,0.4093381150101081
3,46018.79452228546,26596.037159220927,40735.18,58.417110297497736,0.1297715059895169,0.6530963232167047
4,67125.92657327652,42999.40035588867,50219.7,85.00234090414061,0.3368085921633661,0.8570540364059617
5,89527.72441267967,73275.75696970987,58198.82,80.62781461627206,0.5386409884873542,1.2599625643658565
