,estimated_cardinality_1,estimated_cardinality_1,true_cardinality_1,true_cardinality_1,relative_error_1,relative_error_1
,mean,std,mean,std,mean,std
num_sets,,,,,,
1,5067.454951171875,465.10621158083717,5000.0,0.0,0.013490990234375009,0.09302124231616743
2,10062.009453125,1095.2013602513575,9975.21,4.91194174610946,0.008691067470110642,0.10968807728221641
3,15127.440703125,1945.6391892761312,14925.76,8.34256458401052,0.013503321810240476,0.13026893450276833
