,estimated_cardinality_1,estimated_cardinality_1,true_cardinality_1,true_cardinality_1,relative_error_1,relative_error_1
,mean,std,mean,std,mean,std
num_sets,,,,,,
1,40116.84310436249,2463.4086772050746,40000.0,0.0,0.002921077609062195,0.06158521693012685
2,78618.26895475388,5614.829302390752,78397.0,35.75882936494213,0.00282301515373462,0.07161714057340902
3,116412.05673217773,8862.722326319401,115253.02,65.20501107573989,0.010059647260802782,0.07694281515190853
4,153293.35725307465,14603.86064022149,150643.44,81.52829983182656,0.017593152300756688,0.09697476635911022
5,187426.96664333344,19669.290530216647,184618.76,99.58455744558597,0.015196702568288178,0.10639736045744765
