,estimated_cardinality_1,estimated_cardinality_1,true_cardinality_1,true_cardinality_1,relative_error_1,relative_error_1
,mean,std,mean,std,mean,std
num_sets,,,,,,
1,2657.0,33.68931131634623,5000.0,0.0,-0.4686000000000003,0.006737862263269251
2,5319.24,63.7343159554022,9975.21,4.91194174610946,-0.46675343367365324,0.006438953947910835
3,7973.83,109.18514116172156,14925.76,8.34256458401052,-0.46576710109857217,0.007319635282911774
