,estimated_cardinality_1,estimated_cardinality_1,true_cardinality_1,true_cardinality_1,relative_error_1,relative_error_1
,mean,std,mean,std,mean,std
num_sets,,,,,,
1,5037.410444021225,119.81377410696832,5000.0,0.0,0.007482088804244995,0.023962754821393685
2,10054.304492473602,296.08292327068335,9975.21,4.91194174610946,0.007927682899624719,0.029631601572743457
3,15048.983818292618,497.0212549942698,14925.76,8.34256458401052,0.008254739912973662,0.03326637057365358
