,estimated_cardinality_1,estimated_cardinality_1,true_cardinality_1,true_cardinality_1,relative_error_1,relative_error_1
,mean,std,mean,std,mean,std
num_sets,,,,,,
1,35958.28045845032,11859.145300185366,32000.0,0.0,0.12369626432657242,0.37059829063079264
2,61146.69464349747,26096.94078511163,53766.3,78.63173010682085,0.13733172269314,0.48588747444739955
3,80512.68974423409,37495.88875223341,68582.94,94.00486526705939,0.17400475768095278,0.5471785996909169
4,105302.49997973442,55982.43024569283,78653.8,89.54875538965649,0.338799007147551,0.7119227486276637
5,131970.21955013275,109001.18078283919,85492.32,79.37933725897382,0.5438688216755637,1.275671076726785
