,estimated_cardinality_1,estimated_cardinality_1,true_cardinality_1,true_cardinality_1,relative_error_1,relative_error_1
,mean,std,mean,std,mean,std
num_sets,,,,,,
1,641919.0314292908,30717.707077468658,640000.0,0.0,0.0029984866082668304,0.04799641730854481
2,868549.9534130096,48998.31284986342,870432.42,223.0504738339509,-0.002165405049398707,0.0562426736047922
3,962887.9328250885,60159.471632812405,953367.18,183.4675848586802,0.009985049018503733,0.06307663640949429
4,989048.947095871,73283.97756163485,983217.38,119.58804970670317,0.005929989326700753,0.07451696124025765
5,998787.7922773361,82324.12853207499,993963.08,72.65682264970746,0.004853520727017468,0.08281551079073898
