,estimated_cardinality_1,estimated_cardinality_1,true_cardinality_1,true_cardinality_1,relative_error_1,relative_error_1
,mean,std,mean,std,mean,std
num_sets,,,,,,
1,2757.89,37.728936193094896,5000.0,0.0,-0.4484219999999998,0.007545787238618984
2,5513.01,73.9004920638065,9975.21,4.91194174610946,-0.4473285273165313,0.0074336297856512105
3,8282.35,121.39786620526651,14925.76,8.34256458401052,-0.4450972933977657,0.008103113587077247
