,estimated_cardinality_1,estimated_cardinality_1,true_cardinality_1,true_cardinality_1,relative_error_1,relative_error_1
,mean,std,mean,std,mean,std
num_sets,,,,,,
1,638135.9801054001,47228.69645812254,640000.0,0.0,-0.0029125310853123664,0.07379483821581648
2,865723.1006860733,77204.14132357901,870432.42,223.0504738339509,-0.005411353612499197,0.08868394339857931
3,974463.9652848244,106539.08919498466,953367.18,183.4675848586802,0.022128919833270366,0.11174624124110442
4,1013059.8738312721,138052.16047622034,983217.38,119.58804970670317,0.03035349999581559,0.14041372369251823
5,1017082.4600219727,170085.59914816543,993963.08,72.65682264970746,0.02325907882304656,0.1711096643955789
