,estimated_cardinality_1,estimated_cardinality_1,true_cardinality_1,true_cardinality_1,relative_error_1,relative_error_1
,mean,std,mean,std,mean,std
num_sets,,,,,,
1,5008.964705467224,257.0633491143611,5000.0,0.0,0.0017929410934448243,0.05141266982287221
2,10041.416800022125,652.8070409725541,9975.21,4.91194174610946,0.006636527415432096,0.06543494062056615
3,15031.887060403824,1401.252047866894,14925.76,8.34256458401052,0.007109029001634768,0.09387130546260976
